https://s.yimg.com/ny/api/res/1.2/8sdhqYBxvWI15kw8j9dgow--~A/YXBwaWQ9aGlnaGxhbmRlcjtzbT0xO3c9ODAw/http://media.zenfs.com/en-US/homerun/nbcsports.com/b033724ccc120a888878bd5ed662b494,,,,,
https://www.gannett-cdn.com/presto/2019/03/28/PDEM/b0b89352-8002-4695-98cc-0db7ab81c275-mlb-fandom-map.png?width=540&height=&fit=bounds&auto=webp,,,,,
https://www.dailynews.com/wp-content/uploads/2019/06/LDN-L-DODGERS-0623-KB2821.jpg?w=620,,,,,
https://images.performgroup.com/di/library/sporting_news/c4/ce/loaisiga-valdez-031719-getty-ftr_4vzidb18kn3a16swjxfv1ta3j.png?t=-1936681431&quality=100,,,,,
https://i1.wp.com/digital-photography-school.com/wp-content/uploads/2013/06/REB0979.jpg?fit=1000%2C673&ssl=1,,,,,
https://i.pinimg.com/originals/59/97/55/599755471b098d937a4fb9ce28c56296.jpg,,,,,
https://i.pinimg.com/originals/8c/3b/8d/8c3b8d0cab225261289bef066e146ac3.jpg,,,,,
https://i.pinimg.com/originals/cc/e1/ad/cce1adc0a082a0cf219e950f4b3c70f4.jpg,,,,,
https://i.pinimg.com/originals/3d/d6/c1/3dd6c1ae90c358c07afa4dce6390e098.png,,,,,
http://3.bp.blogspot.com/-NO06uI_ciYA/Tx-fRKktEoI/AAAAAAAAADE/N8oZ3j8R79g/s1600/thumbnail+%252821%2529.jpg,,,,,
https://lh5.googleusercontent.com/eDUF3RiYlr4Weo3kJRZR-bPrunkUHXbW96SNsMloOxaANE1ohqV5iFp0Ing5k_8fydfWBdhzjx_28s1tVCIf2wYVBrE7LHkfjKFBQNd198iIG6WLWHSJJ2m-n3LCnCByOtSODVwl,,,,,
https://storage.googleapis.com/afs-prod/media/media:bab23a65ab064f2b85cba2adb1b36bd4/800.jpeg,,,,,
https://photosbyerik.zenfolio.com/img/s/v-3/p108263148-3.jpg,,,,,
https://www.adorama.com/alc/wp-content/uploads/2016/05/mezz-2-825x465.jpg,,,,,
https://cdn.mytopsportsbooks.com/app/uploads/2014/07/Braves-Phillies.jpg,,,,,
https://i.pinimg.com/564x/71/09/b3/7109b3afedec6968afe7cbb4c50ccafa--baseball-fight-baseball-stuff.jpg,,,,,
https://sports.cbsimg.net/images//visual/whatshot/Rangers-MLB-standing-around-071413.jpg,,,,,
https://www.rotoql.com/wp-content/uploads/2016/04/8629820448_1be3d014b1_k.jpg,,,,,
https://images2.minutemediacdn.com/image/upload/c_fill,w_912,h_516,f_auto,q_auto,g_auto/shape/cover/sport/new-york-mets-v-washington-nationals-5c2e9071e2af725dd3000021.jpg
https://www.adorama.com/alc/wp-content/uploads/2016/05/exp2073.jpg,,,,,
https://mp4media.gannett-cdn.com/28911775001/28911775001_6068430097001_6068425348001-vs.jpg,,,,,
https://i.pinimg.com/originals/c2/a5/c5/c2a5c5961569270ec6299c9ce1ad6ec6.jpg,,,,,
https://ucdavisaggies.com/images/2017/6/13/9856157.jpeg,,,,,
https://arc-anglerfish-washpost-prod-washpost.s3.amazonaws.com/public/W4GK4HF63445VKEVAJ4U3DJT4M.jpg,,,,,
http://probaseballinsider.com/wp-content/uploads/2011/07/Joe_Territo_sports_action_photographer_rochester_new_new_york_900px_copyright.jpg,,,,,
http://www.rantsports.com/mlb/files/2013/10/kershaw-action-shot-2-pic-2.jpg,,,,,
https://samfordsports.com/images/2014/4/3/Andres_Gracia_action.jpg,,,,,
https://static.wixstatic.com/media/4a8426_c15ff3268e5b40f780d5930639120d38~mv2.jpg/v1/fill/w_560,h_222,al_c,q_80,usm_0.66_1.00_0.01/4a8426_c15ff3268e5b40f780d5930639120d38~mv2.webp,
https://i.pinimg.com/236x/8f/b4/e1/8fb4e1f5df74b26ed3efc97a29e85c4d--derek-jeter-coach.jpg,,,,,
http://www.canada.com/cms/binary/5419512.jpg,,,,,
http://www.mlb.com/assets/images/1/5/4/295907154/cuts/1600x900/cut.png,,,,,
https://images.actionnetwork.com/800x450/blog/2018/04/mlb.jpg,,,,,
https://i.pinimg.com/originals/f4/8a/74/f48a7489d06029ca005aa2d086cb7e7b.jpg,,,,,
https://www.adorama.com/alc/wp-content/uploads/2016/05/X160056_TK1_1966-Edit.jpg,,,,,
https://images-na.ssl-images-amazon.com/images/I/61K8G%2BudkbL._SX258_BO1,204,203,200_.jpg,,
https://dynaimage.cdn.cnn.com/cnn/digital-images/org/8f952bcc-9a67-4947-a466-f11e5c6661b7.jpg,,,,,
http://mlb.mlb.com/images/5/1/4/93909514/090914_bos_fan_catch_twitter_xymfa3jb.gif,,,,,
https://farm3.static.flickr.com/2857/9571450444_9596f1f9f5.jpg,,,,,
https://www.adorama.com/alc/wp-content/uploads/2016/05/001322665.jpg,,,,,
https://ucdavisaggies.com/images/2016/9/22/Kelly-Pros-Action.jpg,,,,,
https://www.picclickimg.com/d/l400/pict/133038887421_/TONY-TARASCO-8x10-ACTION-SHOT-Photofile-ATLANTA-BRAVES.jpg,,,,,
https://mediadownloads.mlb.com/mlbam/2016/03/09/images/mlbf_549384883_th_48.jpg,,,,,
https://s.abcnews.com/images/WNT/190611_wn_llamas__hpMain_16x9_992.jpg,,,,,
https://pbs.twimg.com/media/DmrFIzXVsAA98XL.jpg,,,,,
http://mlb.mlb.com/assets/images/7/0/4/205924704/cuts/Jeff_Kent_Indians_f6g3jj73_8mf14oem.jpg,,,,,
https://i.ebayimg.com/images/g/PSoAAOSwLq5aqAA~/s-l400.jpg,,,,,
https://mediadownloads.mlb.com/mlbam/2017/08/17/images/mlbf_1738114283_th_45.jpg,,,,,
https://static.independent.co.uk/s3fs-public/thumbnails/image/2019/06/10/08/David-Ortiz.jpg?w968h681,,,,,
https://www.washingtonpost.com/resizer/p_pepmh4A9DbiK8FumoxYl_JBe8=/1484x0/arc-anglerfish-washpost-prod-washpost.s3.amazonaws.com/public/BY36FWVBEUI6TPKW5LDLWAWQDU.jpg,,,,,
https://images-na.ssl-images-amazon.com/images/I/91RRvC0LzlL._SX425_.jpg,,,,,
https://pbs.twimg.com/media/DmrFIzXV4AEbgo8.jpg,,,,,
https://www.adorama.com/alc/wp-content/uploads/2016/05/076489659.jpg,,,,,
https://farm5.static.flickr.com/4383/36049382024_467efd1802_b.jpg,,,,,
http://manginphotography.net/wp-content/uploads/2009/11/9N5Q33132-575x245.jpg,,,,,
https://cdn3.dpmag.com/2018/05/DP-Tip-5-21-18-Baseball.jpg,,,,,
https://s.yimg.com/ny/api/res/1.2/SxNBlrd4wq3SMMKlpkKurQ--~A/YXBwaWQ9aGlnaGxhbmRlcjtzbT0xO3c9ODAw/http://media.zenfs.com/en-US/homerun/sports_illustrated_941/1d6b8c7014d388315f87072f5395cedc,,,,,
https://s.hdnux.com/photos/01/01/27/15/17134463/3/920x920.jpg,,,,,
https://img-s-msn-com.akamaized.net/tenant/amp/entityid/AAByw0I.img?x=1&y=1&f=PNG&h=336&w=624&m=5&q=60&b=white,,,,,
https://www.freedomcardboard.com/forum/attachment.php?attachmentid=86682&d=1549225485&thumb=1,,,,,
https://media.nbcsandiego.com/images/652*434/Matt+Strahm+Padres+Delivery.JPG,,,,,
https://www.gannett-cdn.com/presto/2019/03/11/USAT/9b466520-8d83-41bb-be74-3898e99903e4-USATSI_12313593.jpg?quality=10,,,,,
https://www.adorama.com/alc/wp-content/uploads/2016/05/X158750_TK1_0341.jpg,,,,,
https://farm5.static.flickr.com/4437/36743637631_7db99a3ac2_b.jpg,,,,,
https://s23627.pcdn.co/wp-content/uploads/2014/06/American-Baseball.jpg,,,,,
https://www.gannett-cdn.com/presto/2019/08/13/USAT/d9e98745-03ec-43a6-bcdb-7749d4f3059e-XXX_NLCS_PHILLIES_GIANTSManuelEB16943.JPG?crop=2112,2816,x592,y0&width=360&height=480&fit=bounds,,
https://cdn.bleacherreport.net/images_root/slides/photos/000/900/599/106691571_original.jpg?1304450530,,,,,
https://s.hdnux.com/photos/01/04/71/00/18059297/3/460x0.jpg,,,,,
https://imagesvc.timeincapp.com/v3/mm/image?url=https%3A%2F%2Fcdn-s3.si.com%2Fstyles%2Fmarquee_large_2x%2Fs3%2Fimages%2FGettyImages-940458186.jpg%3Fitok%3D5G2WKWIg&w=1000&q=70,,,,,
http://cache.boston.com/multimedia/sports/bigshots/110409/02.jpg,,,,,
https://s3.reutersmedia.net/resources/r/?m=02&d=20190726&t=2&i=1412186133&r=LYNXNPEF6P0SJ&w=940,,,,,
https://mediadownloads.mlb.com/mlbam/2016/12/06/images/mlbf_631266283_th_48.jpg,,,,,
https://media.golfdigest.com/photos/5af988679fd0ef512ef2b7f1/master/w_768,c_limit/GettyImages-957850288.jpg,,,,
https://mlbreports.files.wordpress.com/2017/08/screen-shot-2017-08-06-at-10-04-08-pm.png?w=584,,,,,
https://img-s-msn-com.akamaized.net/tenant/amp/entityid/AABykV1.img?x=1&y=1&f=PNG&h=336&w=624&m=5&q=60&b=white,,,,,
https://i.pinimg.com/originals/d3/40/b6/d340b64c50162e3251ba65ff910db51a.jpg,,,,,
https://farm5.static.flickr.com/4393/36712691132_38b04c2d18_b.jpg,,,,,
https://s.abcnews.com/images/Sports/dodgers-clayton-kershaw-world-series-2-epa-jt-171024_4x3_992.jpg,,,,,
http://www.mlb.com/images/2/0/0/238760200/062517_oak_rosales_drills_hr_mid_yptzjr7y.gif,,,,,
https://s.yimg.com/uu/api/res/1.2/TZYndbWEK4Fq6Zc7O.Na1A--~B/aD0yMjIwO3c9MzAwMDtzbT0xO2FwcGlkPXl0YWNoeW9u/https://media-mbst-pub-ue1.s3.amazonaws.com/creatr-images/2019-06/9e4128a0-9112-11e9-afc7-da5ce70cddca,,,,,
https://www.gannett-cdn.com/presto/2019/05/30/USAT/c74dfc1a-311b-4fd2-857f-c9a90f27924c-USP_MLB__Chicago_Cubs_at_Houston_Astros.JPG,,,,,
https://mlblogsmlblogs.files.wordpress.com/2015/06/fancatch.jpg,,,,,
https://cdnph.upi.com/svc/sv/upi/9411562898397/2019/1/dd08ed298ca6ab9d160586bc448e01fe/Astros-Jake-Marisnick-suspended-two-games-for-collision-with-Jonathan-Lucroy.jpg,,,,,
https://i2.wp.com/amazinprospects.com/wp-content/uploads/sites/6/2019/04/GioGonzalez-1.jpg?resize=450%2C270&ssl=1,,,,,
https://thumbor.forbes.com/thumbor/960x0/https%3A%2F%2Fblogs-images.forbes.com%2Fgames%2Ffiles%2F2019%2F03%2Fvlcsnap-2019-03-25-23h41m31s449-1200x675.jpg,,,,,
https://mediadownloads.mlb.com/mlbam/2016/03/17/images/mlbf_555948083_th_48.jpg,,,,,
https://mediadownloads.mlb.com/mlbam/2017/07/27/images/mlbf_1656109983_th_46.jpg,,,,,
https://mediadownloads.mlb.com/mlbam/2017/04/20/images/mlbf_1305355483_th_48.jpg,,,,,
https://mediadownloads.mlb.com/mlbam/2016/03/13/images/mlbf_553066783_th_48.jpg,,,,,
https://img.bleacherreport.net/img/slides/photos/004/357/828/3ffc6539ba8a3236d64b238ac1a68491_crop_exact.jpg?h=533&w=800&q=70&crop_x=center&crop_y=top,,,,,
https://mediadownloads.mlb.com/mlbam/2016/04/22/images/mlbf_610053983_th_48.jpg,,,,,
https://farm5.static.flickr.com/4420/36883467415_26882a6ee9_b.jpg,,,,,
http://probaseballinsider.com/wp-content/uploads/2011/09/trackingFlyBall21.jpg,,,,,
https://images.thestar.com/pznobXzjblt-FwutXeudJIUB60U=/640x360/smart/filters:cb(1565664428015)/https://www.thestar.com/content/dam/thestar/sports/baseball/2019/08/12/yankees-put-on-power-display-against-orioles/yankees_slide.jpg,,,,,
https://static01.nyt.com/images/2018/12/20/sports/20mlbcuba-web/merlin_145959837_7f7a64da-7afc-4564-8002-b81822316e1c-articleLarge.jpg?quality=75&auto=webp&disable=upscale,,,,,
http://www.jwj.org/wp-content/uploads/2018/03/baseball-2410657_960_720.jpg,,,,,
https://s.hdnux.com/photos/46/12/73/10006234/3/460x0.jpg,,,,,
https://thumbor.forbes.com/thumbor/960x0/https%3A%2F%2Fblogs-images.forbes.com%2Fdandiamond%2Ffiles%2F2014%2F08%2FScreen-Shot-2014-08-07-at-10.43.29-PM.jpg,,,,,
https://www.thechronicleherald.ca/media/photologue/photos/cache/httpsapipddataservicescomlistsfeedd97d7bce-7cce-4736-bbbe-10f4d7f5ef85_large,,,,,
https://sportshub.cbsistatic.com/i/r/2019/08/09/3d16ae36-de22-4d30-8b17-511c8036f992/thumbnail/1200x675/a9852a888aecca3f9cce03e8cb181aee/screen-shot-2019-08-08-at-10-33-32-pm.png,,,,,
https://www.inquirer.com/resizer/S3CAP1_CHqCRqyCEWhqq8AWE2vE=/1400x932/smart/arc-anglerfish-arc2-prod-pmn.s3.amazonaws.com/public/Z7EXR57775GSVJFL2ZGVOMAAEQ.jpg,,,,,
https://mediadownloads.mlb.com/mlbam/2013/07/24/images/mlbf_29070509_th_48.jpg,,,,,
https://s.hdnux.com/photos/01/01/26/73/17133293/3/920x920.jpg,,,,,
https://cdn.japantimes.2xx.jp/wp-content/uploads/2019/06/sp-mlb-a-20190628-870x606.jpg,,,,,
https://images.ctfassets.net/p0ykbbcw3bn6/7MeYlT65NGMtpkbkRcqKEE/5c5e034bb16d9b791ced02b3c43fecb3/AP_19172820382516.jpg,,,,,
https://upload.wikimedia.org/wikipedia/commons/thumb/0/0b/Asdrubal_Cabrera_%2848104061563%29_%28cropped%29.jpg/220px-Asdrubal_Cabrera_%2848104061563%29_%28cropped%29.jpg,,,,,
https://s.hdnux.com/photos/01/01/26/73/17133293/3/920x920.jpg,,,,,
https://mediadownloads.mlb.com/mlbam/2014/08/12/images/mlbf_35289233_th_48.jpg,,,,,
https://cdn.mainichi.jp/vol1/2019/06/18/20190618p2g00m0sp067000p/6.jpg?2,,,,,
https://farm5.static.flickr.com/4358/36883484255_d377b857e5_b.jpg,,,,,
https://samfordsports.com/images/2019/4/7/baseball_vs_maine_0038.jpg,,,,,
https://instagram.fist1-2.fna.fbcdn.net/vp/1e8a1a9c910b83dca65b71dfae210d64/5DBACE31/t51.2885-15/e35/64313693_142410836832781_7107916318875157157_n.jpg?_nc_ht=instagram.fist1-2.fna.fbcdn.net&se=7&ig_cache_key=MjA2NDcyNjE5NTY0ODgyNDc0OQ%3D%3D.2,,,,,
https://i.pinimg.com/236x/45/5e/0c/455e0c87c1e207252f0cb5ca2c5709df--pro-baseball-orioles-baseball.jpg,,,,,
http://probaseballinsider.com/wp-content/uploads/2011/07/Doug-bernier-reaching-rochester-redwings-by-Bare-Antolos-e1429366317848.jpg,,,,,
https://img.bleacherreport.net/img/images/photos/003/667/781/45a1e24c7587e0705d064db797fb453c_crop_exact.jpg?h=646&w=970&q=70&crop_x=center&crop_y=top,,,,,
https://images-na.ssl-images-amazon.com/images/I/91S3zjesllL._SX425_.jpg,,,,,
https://img.mlbstatic.com/mlb-images/image/private/t_2x1/t_w1536/mlb/n1md06m6yfnoabwd5z7i.jpg,,,,,
https://www.ctvnews.ca/polopoly_fs/1.4452306.1559711935!/httpImage/image.jpg_gen/derivatives/landscape_300/image.jpg,,,,,
http://fooshya.com/wp-content/uploads/2019/06/170717170957-13-what-a-shot-0717-super-tease.jpg,,,,,
https://www.gannett-cdn.com/presto/2019/03/29/USAT/89a88550-8244-44f4-a22c-33150b0893db-USATSI_12430230.jpg?crop=4927,2771,x0,y348&width=3200&height=1680&fit=bounds,,
https://imagesvc.timeincapp.com/v3/mm/image?url=https%3A%2F%2Fcdn-s3.si.com%2Fstyles%2Fmarquee_large_2x%2Fs3%2Fimages%2FGettyImages-940458186.jpg%3Fitok%3D5G2WKWIg&w=1000&q=70,,,,,
https://images.glaciermedia.ca/polopoly_fs/1.23913714.1565668321!/fileImage/httpImage/image.jpg_gen/derivatives/landscape_804/fjt11313672-jpg.jpg,,,,,
https://imageproxy.themaven.net/https%3A%2F%2Fs3-us-west-2.amazonaws.com%2Fmaven-user-photos%2Fbluelivesmatter%2Finternal%2F38OeeK-u10KwXqS4-B3liw%2FHhojsUEkuE-Sf0tGJEmrhA,,,,,
https://static01.nyt.com/images/2017/05/16/sports/16palermo-obit/16palermo-obit-articleLarge-v2.jpg?quality=75&auto=webp&disable=upscale,,,,,
http://www.newbritainherald.com/imagesbyid/300/250/812275,,,,,
https://www.thewesternstar.com/media/photologue/photos/cache/sean-reid-foley-e1564950462124jpg_large,,,,,
https://goccusports.com/images/2019/2/21/Baseball_vs_Campbell_2_17_2019_0381.jpg,,,,,
https://www.101espn.com/wp-content/uploads/2015/04/baseball-glove-featured.jpg,,,,,
https://www.gannett-cdn.com/presto/2018/10/01/USAT/28e1be3d-e4f0-431e-ac1a-d4ee0febac78-Screen_Shot_2018-10-01_at_12.34.31_AM.png,,,,,
https://cnet4.cbsistatic.com/img/Vnbh3lPHe4ARa9r8yBvolnJAT88=/2017/09/22/a32f31fa-077f-4502-bfd9-1bb640716bd3/mlb-arkit-1.jpg,,,,,
https://www.liveabout.com/thmb/gqUPBLr9GwDbNDeUVPsQ6Wmq12A=/2000x1459/filters:no_upscale():max_bytes(150000):strip_icc()/johan_santana-150628539-58d871265f9b584683cf9b22.jpg,,,,,
https://thedynastyguru.com/wp-content/uploads/2019/02/Screen-Shot-2019-02-20-at-8.52.13-PM.png,,,,,
https://s.hdnux.com/photos/61/54/13/13025989/3/920x920.jpg,,,,,
https://farm5.static.flickr.com/4430/36712563842_ec882a1dab_b.jpg,,,,,
https://4.bp.blogspot.com/-hytFnXxZdtA/W35FQvLW1yI/AAAAAAAAF4Q/gPDtbPHrT24H4q_GyJPPYzbXjtnioiXVQCLcBGAs/s1600/Screen%2BShot%2B2018-08-22%2Bat%2B7.46.17%2BPM.png,,,,,
https://www.hollywoodsportsbook.eu/blog/wp-content/uploads/2018/08/Tigers-vs.-Angels-Aug-7-2018-e1533665060238.jpg,,,,,
https://www.pe.com/wp-content/uploads/migration/nvu/nvu419-b88519402z.120151006221512000g82cda9b.10.jpg?w=535,,,,,
http://www.fangraphs.com/fantasy/wp-content/uploads/2018/07/Brewers.png,,,,,
https://assets3.thrillist.com/v1/image/2827332/size/sk-2017_04_featured_listing_mobile.jpg,,,,,
https://cdn.japantimes.2xx.jp/wp-content/uploads/2018/09/sp-mlb-a-20180905.jpg,,,,,
https://cdn.shopify.com/s/files/1/2028/5101/products/harper16ti-1_large.jpg?v=1496261126,,,,,
https://s.hdnux.com/photos/01/04/71/31/18060866/5/730x0.jpg,,,,,
https://scontent-frx5-1.cdninstagram.com/vp/55dad5f07334adc96fab7b5d0ab923b0/5DA7DA0F/t51.2885-15/e35/51861676_366578504184870_263841513539108301_n.jpg?_nc_ht=scontent-frx5-1.cdninstagram.com&se=7&ig_cache_key=MTk5MTcxMzY4NDc5NTQ2NDA2MA%3D%3D.2,,,,,
https://usatthebiglead.files.wordpress.com/2019/06/screen-shot-2019-06-09-at-10.24.01-am.png?w=1000&h=600&crop=1?w=1000&crop=0,,,,,
https://thumbs.gfycat.com/BareNauticalFinwhale-mobile.jpg,,,,,
https://www.picclickimg.com/d/l400/pict/141012001935_/JUAN-PIERRE-8x10-PHOTO-Action-Shot-FLORIDA-MARLINS.jpg,,,,,
https://i.pinimg.com/originals/66/15/d1/6615d1be92f9e041eb1d1c009f5e963f.jpg,,,,,
https://www.washingtonpost.com/resizer/ippYI5NU3tv_zMjeBHyB-bV7LMU=/1484x0/arc-anglerfish-washpost-prod-washpost.s3.amazonaws.com/public/ZEFQNKB5DEI6RFK3PUXBTN4ZMY.jpg,,,,,
https://betql-staging.cdn.prismic.io/betql-staging/5363e6df69fd840aff05d46682764af9c8fb1923_screen-shot-2019-07-01-at-4.06.08-pm.png,,,,,
https://usatftw.files.wordpress.com/2019/08/screen-shot-2019-08-07-at-5.55.09-pm-1.jpg?w=1000&h=571&crop=1,,,,,
https://upload.wikimedia.org/wikipedia/commons/thumb/8/8f/Carlos_Zambrano_-_2008_-_cropped.jpg/1200px-Carlos_Zambrano_-_2008_-_cropped.jpg,,,,,
https://instagram.fist1-2.fna.fbcdn.net/vp/5d31736099832c8883facdca7dc5d161/5DA1A53D/t51.2885-15/e35/64242800_398904160836001_3888056550889803951_n.jpg?_nc_ht=instagram.fist1-2.fna.fbcdn.net&se=7&ig_cache_key=MjA2NDcyNjE5NTYyMzYyOTkxOA%3D%3D.2,,,,,
https://www.wvxu.org/sites/wvxu/files/styles/x_large/public/201904/1938_vander_meer_no_hitter.jpg,,,,,
https://pbs.twimg.com/media/D4IvbAzW0AEwc-1.jpg,,,,,
https://farm5.static.flickr.com/4432/36883318835_e457e6eb43_b.jpg,,,,,
https://images2.minutemediacdn.com/image/upload/c_fill,w_912,h_516,f_auto,q_auto,g_auto/shape/cover/sport/Screen-Shot-2019-06-08-at-105430-PM-b4100176e5b206a6a113a50d2dacf158.jpg
https://a57.foxnews.com/static.foxnews.com/foxnews.com/content/uploads/2019/06/640/320/AP19180557258558.jpg?ve=1&tl=1,,,,,
https://us.hola.com/imagenes/royals/2019062925353/meghan-markle-prince-harry-yankees-red-sox-game/0-186-391/meghan-markle-harry-baseball-game-a.jpg,,,,,
https://fanatics.frgimages.com/FFImage/thumb.aspx?i=/productimages/_3521000/ff_3521198-bddb835910150ead668b_full.jpg&w=900,,,,,
https://sportshub.cbsistatic.com/i/r/2019/08/11/52ad0992-0758-4960-86cb-792033e2498f/thumbnail/1200x675/9957b0603cab834609667903a81960e7/usatsi-13189580.jpg,,,,,
https://images2.minutemediacdn.com/image/upload/c_fill,w_912,h_516,f_auto,q_auto,g_auto/shape/cover/sport/divisional-round-boston-red-sox-v-new-york-yankees-game-three-5c293d06e4371330a000001f.jpg
https://thumbs.gfycat.com/ThinSelfreliantFulmar-mobile.jpg,,,,,
https://www.exposureguide.com/media/photographing-baseball-3.jpg?x51595,,,,,
http://4.bp.blogspot.com/-2s1akZJTUwo/Tx-fOeHgXTI/AAAAAAAAACk/ny8cGQgYqVE/s1600/thumbnail+%252819%2529.jpg,,,,,
https://www.sportsclub.co.za/wp-content/uploads/2017/04/Screen-Shot-2017-04-27-at-2.05.25-PM.png,,,,,
https://img.mlbstatic.com/mlb-images/image/private/t_2x1/t_w1536/mlb/akchffnpiwjbbkaholmd.jpg,,,,,
https://de1p035kd0jc1.cloudfront.net/pb/media/2019/08/Harold_Castro_GettyImages-1150837309.jpg,,,,,
https://s.yimg.com/uu/api/res/1.2/pFeZUoo4ayzFtkK55wKQng--~B/aD0zNDMyO3c9NDYzODtzbT0xO2FwcGlkPXl0YWNoeW9u/https://media-mbst-pub-ue1.s3.amazonaws.com/creatr-uploaded-images/2019-03/c6214480-5185-11e9-bbbe-eb4284cb5cb3,,,,,
http://image.cdnllnwnl.xosnetwork.com/pics33/640/OG/OGOJQVQDBFIAWUK.20190701143443.jpg,,,,,
https://cdn1.thecomeback.com/wp-content/uploads/2018/09/Screen-Shot-2018-09-06-at-10.20.59-AM-832x447.png,,,,,
https://vincentrush.files.wordpress.com/2011/01/cincinnati-reds-photo.jpg,,,,,
https://www.journalpioneer.com/media/photologue/photos/cache/mlb-roundup-harper-rescues-phils-in-9th-vs-dodgers_large,,,,,
https://blechmanfoundation.org/wp/wp-content/uploads/2019/03/Trevor-Richards_Action-Shot_1.jpg,,,,,
https://www.dispatch.com/galleryimage/OH/20190709/SPORTS/709009983/PH/0/1/PH-709009983.jpg,,,,,
https://i.pinimg.com/originals/bc/ed/d0/bcedd04f1de6882acefb7a98ef8a4939.jpg,,,,,
https://bloximages.newyork1.vip.townnews.com/pilotonline.com/content/tncms/assets/v3/editorial/e/16/e16f507b-ae73-5be9-bf70-2dd54a2ecac3/5d4e2c88543ef.image.jpg?resize=1200%2C895,,,,,
https://static01.nyt.com/images/2017/07/13/sports/13allstar/13allstar-jumbo.jpg,,,,,
https://farm5.static.flickr.com/4406/36049195484_33b59e955f_b.jpg,,,,,
https://i.sportsbookreview.com/5d51b24fdb8f7cafbe2e9db8/original-max-fried-braves?d=800x800,,,,,
https://kubrick.htvapps.com/htv-prod-media.s3.amazonaws.com/images/david-ortiz-1560189922.jpg?crop=1.00xw:0.733xh;0,0.0729xh&resize=1200:*,,,,
https://media.golfdigest.com/photos/5d08dbed028f9a47c3b607f5/master/pass/Screen%20Shot%202019-06-18%20at%208.41.07%20AM.png,,,,,
http://www.the3rdmanin.com/wp-content/uploads/2018/05/Screen-Shot-2018-05-09-at-12.08.31-PM.png,,,,,
https://static.seattletimes.com/wp-content/uploads/2017/06/Screen-Shot-2017-06-14-at-1.22.20-PM-780x546.png,,,,,
https://sportshub.cbsistatic.com/i/r/2018/02/24/39cbf5bf-31dc-4a80-9246-f7b70862131d/thumbnail/770x433/8fc39272be841e3b885b7d52e2e16810/screen-shot-2018-02-24-at-11-06-03-am.png,,,,,
https://sportshub.cbsistatic.com/i/r/2019/08/13/24051b42-1c5d-4c98-89ca-063ece971e92/thumbnail/1200x675/1c53aab7c593135a3d860304f4c6334c/usatsi-13199265-1.jpg,,,,,
https://d13csqd2kn0ewr.cloudfront.net/uploads/image/file/240160/cropped_2017-04-09T184351Z_581758684_NOCID_RTRMADP_3_MLB-MINNESOTA-TWINS-AT-CHICAGO-WHITE-SOX.jpg?ts=1495414061,,,,,
http://nationalshare.org/wp-content/uploads/2016/07/Screen-Shot-2016-07-07-at-8.13.08-PM.png,,,,,
https://a.espncdn.com/photo/2019/0626/r562230_1296x729_16-9.jpg,,,,,
https://specials-images.forbesimg.com/imageserve/cf97eca67c7e4b9687787b2a10385807/960x0.jpg?fit=scale,,,,,
https://bringmethenews.com/.image/t_share/MTY2MTQ0MTQzMjUxMjIwMTEw/screen-shot-2019-08-12-at-92345-am.jpg,,,,,
https://s.hdnux.com/photos/01/03/07/72/17596086/5/420x0.jpg,,,,,
https://techcrunch.com/wp-content/uploads/2017/04/img_2170.png?w=1500&crop=1,,,,,
https://baseballrulesacademy.com/wp-content/uploads/2018/05/Screen-Shot-2018-05-16-at-7.56.27-PM-e1526526082799.png,,,,,
https://img-s-msn-com.akamaized.net/tenant/amp/entityid/AABGthf.img?x=1&y=1&f=PNG&h=336&w=624&m=5&q=60&b=white,,,,,
https://www.inquirer.com/resizer/eEPcVsVgV_sbbOjDJV25hTVcYKE=/1400x0/center/middle/arc-anglerfish-arc2-prod-pmn.s3.amazonaws.com/public/KUP2JRLL2BB57AKDO6ASIHBJBQ.jpg,,,,,
https://www.thenation.com/wp-content/uploads/2019/07/baseball-img.jpg,,,,,
https://img.mlbstatic.com/mlb-images/image/private/t_16x9/t_w1024/mlb/eh5qdaihby6s5wbq6rsp,,,,,
https://en.albat.com/__export/1520552692804/sites/debate/img/2018/03/08/dallas_keuchel_astros_crop1520550459056.jpg_594723958.jpg,,,,,
https://imagesvc.timeincapp.com/v3/mm/image?url=https%3A%2F%2Fcdn-s3.si.com%2Fstyles%2Fmarquee_large_2x%2Fs3%2Fimages%2FGettyImages-144979734.jpg%3Fitok%3DZwvbKV0j&w=1000&q=70,,,,,
https://s.france24.com/media/display/f7de6ba4-a8bc-11e9-9af3-005056bff430/w:1024/p:16x9/6d19908ff6ae5bb31762d3c3af8974c1d0cf3c3a.jpg,,,,,
https://scontent-frx5-1.cdninstagram.com/vp/ac4f5e16a41bdad3d41762476e20db85/5CFF1BE7/t51.2885-15/e35/47692188_2206327312944225_4160296665115341024_n.jpg?_nc_ht=scontent-frx5-1.cdninstagram.com&se=7&ig_cache_key=MTk1MDI2MTc2MjU3MDMxMDEyNw%3D%3D.2,,,,,
